,run,epoch,loss,accuracy,epoch_duration,run_duration,lr,batch_size,shuffle
0,1,1,0.9321900893702652,0.5345454545454545,40.81823015213013,46.3875777721405,0.001,64,False
