,run,epoch,loss,accuracy,epoch_duration,run_duration,lr,batch_size,shuffle
0,1,1,0.3161378166892312,0.8866666666666667,66.21070075035095,69.67545795440674,0.001,64,False
