,run,epoch,loss,accuracy,epoch_duration,run_duration,lr,batch_size,shuffle
0,1,1,0.3572789091052431,0.8539393939393939,68.54169797897339,72.652015209198,0.001,64,False
