,run,epoch,loss,accuracy,epoch_duration,run_duration,lr,batch_size,shuffle
0,1,1,0.5930438173219974,0.8229786157155511,471.1467001438141,474.3076491355896,0.001,64,False
