,run,epoch,loss,accuracy,epoch_duration,run_duration,lr,batch_size,shuffle
0,1,1,0.5636208251987879,0.8357585726939137,313.144602060318,316.3044111728668,0.001,64,False
