,run,epoch,loss,accuracy,epoch_duration,run_duration,lr,batch_size,shuffle
0,1,1,0.5742759412562531,0.8329748196887258,290.4448959827423,295.5989410877228,0.001,64,False
1,1,2,0.32877456485719814,0.9116791091990384,292.8411877155304,589.0886449813843,0.001,64,False
