,run,epoch,loss,accuracy,epoch_duration,run_duration,lr,batch_size,shuffle
0,1,1,0.3404236897106009,0.8902175718319216,366.23742389678955,371.7597749233246,0.01,64,False
